{
    "BW \u2013 Build local workspace": {
        "f1-score": 0.43548387096774194,
        "precision": 0.4909090909090909,
        "recall": 0.391304347826087,
        "support": 138
    },
    "CF \u2013 Contribution flow": {
        "f1-score": 0.4164383561643836,
        "precision": 0.4810126582278481,
        "recall": 0.3671497584541063,
        "support": 207
    },
    "CT \u2013 Choose a task": {
        "f1-score": 0.2820512820512821,
        "precision": 0.3055555555555556,
        "recall": 0.2619047619047619,
        "support": 42
    },
    "DC \u2013 Deal with the code": {
        "f1-score": 0.29213483146067415,
        "precision": 0.4262295081967213,
        "recall": 0.2222222222222222,
        "support": 117
    },
    "FM \u2013 Find a mentor": {
        "f1-score": 0.2857142857142857,
        "precision": 0.42857142857142855,
        "recall": 0.21428571428571427,
        "support": 14
    },
    "SC \u2013 Submit the changes": {
        "f1-score": 0.2896551724137931,
        "precision": 0.3230769230769231,
        "recall": 0.2625,
        "support": 80
    },
    "TC \u2013 Talk to the community": {
        "f1-score": 0.5950413223140496,
        "precision": 0.6428571428571429,
        "recall": 0.5538461538461539,
        "support": 65
    },
    "classifier_name": "RandomForestClassifier",
    "macro avg": {
        "f1-score": 0.37093130301231575,
        "precision": 0.44260175819924436,
        "recall": 0.32474470836272085,
        "support": 663
    },
    "micro avg": {
        "f1-score": 0.39273356401384085,
        "precision": 0.460446247464503,
        "recall": 0.34238310708898945,
        "support": 663
    },
    "samples avg": {
        "f1-score": 0.19714142427281844,
        "precision": 0.20628552323637578,
        "recall": 0.20141376510483833,
        "support": 663
    },
    "strategy": "binary-relevance",
    "weighted avg": {
        "f1-score": 0.3894050419157544,
        "precision": 0.45799265267396233,
        "recall": 0.34238310708898945,
        "support": 663
    }
}