{
    "BW \u2013 Build local workspace": {
        "f1-score": 0.5019011406844107,
        "precision": 0.528,
        "recall": 0.4782608695652174,
        "support": 138
    },
    "CF \u2013 Contribution flow": {
        "f1-score": 0.45901639344262296,
        "precision": 0.5283018867924528,
        "recall": 0.4057971014492754,
        "support": 207
    },
    "CT \u2013 Choose a task": {
        "f1-score": 0.28571428571428575,
        "precision": 0.3142857142857143,
        "recall": 0.2619047619047619,
        "support": 42
    },
    "DC \u2013 Deal with the code": {
        "f1-score": 0.30857142857142855,
        "precision": 0.46551724137931033,
        "recall": 0.23076923076923078,
        "support": 117
    },
    "FM \u2013 Find a mentor": {
        "f1-score": 0.22222222222222224,
        "precision": 0.5,
        "recall": 0.14285714285714285,
        "support": 14
    },
    "SC \u2013 Submit the changes": {
        "f1-score": 0.3194444444444444,
        "precision": 0.359375,
        "recall": 0.2875,
        "support": 80
    },
    "TC \u2013 Talk to the community": {
        "f1-score": 0.6222222222222222,
        "precision": 0.6,
        "recall": 0.6461538461538462,
        "support": 65
    },
    "classifier_name": "LinearSVC",
    "macro avg": {
        "f1-score": 0.3884417339002339,
        "precision": 0.47078283463678255,
        "recall": 0.35046327895706775,
        "support": 663
    },
    "micro avg": {
        "f1-score": 0.4329371816638371,
        "precision": 0.49514563106796117,
        "recall": 0.38461538461538464,
        "support": 663
    },
    "samples avg": {
        "f1-score": 0.22335339351387495,
        "precision": 0.23353393513874957,
        "recall": 0.226154654439509,
        "support": 663
    },
    "strategy": "label-powerset",
    "weighted avg": {
        "f1-score": 0.42457423696989427,
        "precision": 0.4896500871906743,
        "recall": 0.38461538461538464,
        "support": 663
    }
}