{
    "BW \u2013 Build local workspace": {
        "f1-score": 0.5415162454873645,
        "precision": 0.539568345323741,
        "recall": 0.5434782608695652,
        "support": 138
    },
    "CF \u2013 Contribution flow": {
        "f1-score": 0.4511278195488722,
        "precision": 0.46875,
        "recall": 0.43478260869565216,
        "support": 207
    },
    "CT \u2013 Choose a task": {
        "f1-score": 0.28915662650602414,
        "precision": 0.2926829268292683,
        "recall": 0.2857142857142857,
        "support": 42
    },
    "DC \u2013 Deal with the code": {
        "f1-score": 0.34196891191709844,
        "precision": 0.4342105263157895,
        "recall": 0.28205128205128205,
        "support": 117
    },
    "FM \u2013 Find a mentor": {
        "f1-score": 0.11111111111111112,
        "precision": 0.25,
        "recall": 0.07142857142857142,
        "support": 14
    },
    "SC \u2013 Submit the changes": {
        "f1-score": 0.35714285714285715,
        "precision": 0.3409090909090909,
        "recall": 0.375,
        "support": 80
    },
    "TC \u2013 Talk to the community": {
        "f1-score": 0.6370370370370371,
        "precision": 0.6142857142857143,
        "recall": 0.6615384615384615,
        "support": 65
    },
    "classifier_name": "MLPClassifier",
    "macro avg": {
        "f1-score": 0.38986580125005205,
        "precision": 0.42005808623765767,
        "recall": 0.37914192432825977,
        "support": 663
    },
    "micro avg": {
        "f1-score": 0.44619010212097404,
        "precision": 0.46557377049180326,
        "recall": 0.42835595776772245,
        "support": 663
    },
    "samples avg": {
        "f1-score": 0.24072933084969195,
        "precision": 0.24841190237378802,
        "recall": 0.2484716052920667,
        "support": 663
    },
    "strategy": "label-powerset",
    "weighted avg": {
        "f1-score": 0.4401237301143558,
        "precision": 0.46046499979148053,
        "recall": 0.42835595776772245,
        "support": 663
    }
}