{
    "BW \u2013 Build local workspace": {
        "f1-score": 0.5207547169811322,
        "precision": 0.5433070866141733,
        "recall": 0.5,
        "support": 138
    },
    "CF \u2013 Contribution flow": {
        "f1-score": 0.4581005586592179,
        "precision": 0.543046357615894,
        "recall": 0.3961352657004831,
        "support": 207
    },
    "CT \u2013 Choose a task": {
        "f1-score": 0.345679012345679,
        "precision": 0.358974358974359,
        "recall": 0.3333333333333333,
        "support": 42
    },
    "DC \u2013 Deal with the code": {
        "f1-score": 0.3040935672514619,
        "precision": 0.48148148148148145,
        "recall": 0.2222222222222222,
        "support": 117
    },
    "FM \u2013 Find a mentor": {
        "f1-score": 0.21052631578947364,
        "precision": 0.4,
        "recall": 0.14285714285714285,
        "support": 14
    },
    "SC \u2013 Submit the changes": {
        "f1-score": 0.38636363636363635,
        "precision": 0.3541666666666667,
        "recall": 0.425,
        "support": 80
    },
    "TC \u2013 Talk to the community": {
        "f1-score": 0.6370370370370371,
        "precision": 0.6142857142857143,
        "recall": 0.6615384615384615,
        "support": 65
    },
    "classifier_name": "SGDClassifier",
    "macro avg": {
        "f1-score": 0.4089364063468054,
        "precision": 0.4707516665197555,
        "recall": 0.38301234652166327,
        "support": 663
    },
    "micro avg": {
        "f1-score": 0.4481327800829875,
        "precision": 0.4981549815498155,
        "recall": 0.4072398190045249,
        "support": 663
    },
    "samples avg": {
        "f1-score": 0.2339088694655395,
        "precision": 0.24506853895018388,
        "recall": 0.23727133782299278,
        "support": 663
    },
    "strategy": "label-powerset",
    "weighted avg": {
        "f1-score": 0.4405012054454673,
        "precision": 0.5017483184787438,
        "recall": 0.4072398190045249,
        "support": 663
    }
}