{
    "BW \u2013 Build local workspace": {
        "f1-score": 0.5136186770428015,
        "precision": 0.5546218487394958,
        "recall": 0.4782608695652174,
        "support": 138
    },
    "CF \u2013 Contribution flow": {
        "f1-score": 0.4636871508379889,
        "precision": 0.5496688741721855,
        "recall": 0.40096618357487923,
        "support": 207
    },
    "CT \u2013 Choose a task": {
        "f1-score": 0.28571428571428575,
        "precision": 0.3142857142857143,
        "recall": 0.2619047619047619,
        "support": 42
    },
    "DC \u2013 Deal with the code": {
        "f1-score": 0.29239766081871343,
        "precision": 0.46296296296296297,
        "recall": 0.21367521367521367,
        "support": 117
    },
    "FM \u2013 Find a mentor": {
        "f1-score": 0.11764705882352941,
        "precision": 0.3333333333333333,
        "recall": 0.07142857142857142,
        "support": 14
    },
    "SC \u2013 Submit the changes": {
        "f1-score": 0.3165467625899281,
        "precision": 0.3728813559322034,
        "recall": 0.275,
        "support": 80
    },
    "TC \u2013 Talk to the community": {
        "f1-score": 0.6268656716417911,
        "precision": 0.6086956521739131,
        "recall": 0.6461538461538462,
        "support": 65
    },
    "classifier_name": "LinearSVC",
    "macro avg": {
        "f1-score": 0.3737824667812911,
        "precision": 0.45663567737140115,
        "recall": 0.33534134947178423,
        "support": 663
    },
    "micro avg": {
        "f1-score": 0.4336513443191674,
        "precision": 0.5102040816326531,
        "recall": 0.3770739064856712,
        "support": 663
    },
    "samples avg": {
        "f1-score": 0.21736877298562352,
        "precision": 0.22768304914744233,
        "recall": 0.22097244113292258,
        "support": 663
    },
    "strategy": "classifier-chains",
    "weighted avg": {
        "f1-score": 0.4235146492588233,
        "precision": 0.5003745569817598,
        "recall": 0.3770739064856712,
        "support": 663
    }
}