{
    "BW \u2013 Build local workspace": {
        "f1-score": 0.4835164835164835,
        "precision": 0.4888888888888889,
        "recall": 0.4782608695652174,
        "support": 138
    },
    "CF \u2013 Contribution flow": {
        "f1-score": 0.4278074866310161,
        "precision": 0.47904191616766467,
        "recall": 0.3864734299516908,
        "support": 207
    },
    "CT \u2013 Choose a task": {
        "f1-score": 0.35955056179775274,
        "precision": 0.3404255319148936,
        "recall": 0.38095238095238093,
        "support": 42
    },
    "DC \u2013 Deal with the code": {
        "f1-score": 0.3229166666666667,
        "precision": 0.41333333333333333,
        "recall": 0.26495726495726496,
        "support": 117
    },
    "FM \u2013 Find a mentor": {
        "f1-score": 0.2857142857142857,
        "precision": 0.42857142857142855,
        "recall": 0.21428571428571427,
        "support": 14
    },
    "SC \u2013 Submit the changes": {
        "f1-score": 0.35714285714285715,
        "precision": 0.3409090909090909,
        "recall": 0.375,
        "support": 80
    },
    "TC \u2013 Talk to the community": {
        "f1-score": 0.5942028985507246,
        "precision": 0.5616438356164384,
        "recall": 0.6307692307692307,
        "support": 65
    },
    "classifier_name": "MLPClassifier",
    "macro avg": {
        "f1-score": 0.4044073200028266,
        "precision": 0.4361162893431055,
        "recall": 0.390099841497357,
        "support": 663
    },
    "micro avg": {
        "f1-score": 0.4254980079681275,
        "precision": 0.4510135135135135,
        "recall": 0.40271493212669685,
        "support": 663
    },
    "samples avg": {
        "f1-score": 0.22392176529588767,
        "precision": 0.23085924439986624,
        "recall": 0.23434589482733917,
        "support": 663
    },
    "strategy": "classifier-chains",
    "weighted avg": {
        "f1-score": 0.42135507546097484,
        "precision": 0.4510796263070807,
        "recall": 0.40271493212669685,
        "support": 663
    }
}