{
    "BW \u2013 Build local workspace": {
        "f1-score": 0.12820512820512822,
        "precision": 0.5555555555555556,
        "recall": 0.07246376811594203,
        "support": 138
    },
    "CF \u2013 Contribution flow": {
        "f1-score": 0.20967741935483872,
        "precision": 0.6341463414634146,
        "recall": 0.12560386473429952,
        "support": 207
    },
    "CT \u2013 Choose a task": {
        "f1-score": 0.0,
        "precision": 0.0,
        "recall": 0.0,
        "support": 42
    },
    "DC \u2013 Deal with the code": {
        "f1-score": 0.128,
        "precision": 1.0,
        "recall": 0.06837606837606838,
        "support": 117
    },
    "FM \u2013 Find a mentor": {
        "f1-score": 0.0,
        "precision": 0.0,
        "recall": 0.0,
        "support": 14
    },
    "SC \u2013 Submit the changes": {
        "f1-score": 0.02469135802469136,
        "precision": 1.0,
        "recall": 0.0125,
        "support": 80
    },
    "TC \u2013 Talk to the community": {
        "f1-score": 0.16666666666666666,
        "precision": 0.8571428571428571,
        "recall": 0.09230769230769231,
        "support": 65
    },
    "classifier_name": "MultinomialNB",
    "macro avg": {
        "f1-score": 0.09389151032161784,
        "precision": 0.5781206791659753,
        "recall": 0.053035913362000316,
        "support": 663
    },
    "micro avg": {
        "f1-score": 0.13821138211382114,
        "precision": 0.68,
        "recall": 0.07692307692307693,
        "support": 663
    },
    "samples avg": {
        "f1-score": 0.04948177866934135,
        "precision": 0.05115346038114343,
        "recall": 0.04864593781344032,
        "support": 663
    },
    "strategy": "classifier-chains",
    "weighted avg": {
        "f1-score": 0.13405757990055497,
        "precision": 0.6947952414236489,
        "recall": 0.07692307692307693,
        "support": 663
    }
}